Dominio,Cantidad
alice.it,480
libero.it,431
gmail.com,283
tiscali.it,244
virgilio.it,94
tin.it,55
email.it,14
yahoo.it,13
tim.it,11
icloud.com,10
inwind.it,9
hotmail.it,6
gmail.it,6
yopmail.com,5
yahoo.com,4
outlook.it,4
interfree.it,3
hotmail.com,3
tiscalinet.it,3
ymail.com,2
lagodellesettefontane.it,2
me.com,2
outlook.com,2
fastwebnet.it,2
icousd.com,1
luigivassallo.it,1
gmai.com,1
otticasalvatore.it,1
viagginuovaera.it,1
liberp.it,1
hairagione.it,1
pellegrinieditore.it,1
iol.it,1
essepiutre.it,1
emailax.pro,1
moscasilvia.it,1
casaobert.it,1
mimogenius.com,1
luis.com,1
giuliati.it,1
pratoinerbasintetica.it,1
gcom.it,1
tiscsli.it,1
pentriatur.com,1
shinycoat.it,1
birgilio.it,1
studiofmarini.com,1
aa.it,1
lafrasera.it,1
infinito.it,1
m.spheremail,1
pusc.it,1
accademiadelbar.it,1
allice.it,1
a.com,1
live.com,1
vetras.it,1
pec.it,1
virgilio.iy,1
meltemiadv.it,1
labgrafmonticelli.it,1
grupporapullino.it,1
exespay.com,1
immobildream.it,1
aarontech.it,1
live.it,1
siamquality.it,1
96.com,1
topmediaitalia.it,1
eurojust.it,1
nespf.com,1
blu.it,1
lice.it,1
radiocomct.it,1
tiscali.ir,1
vitgilio.it,1
aliceposta.it,1
neomedia.it,1
tinn.it,1
fibercop.com,1
ireneo.it,1
moscot.com,1
agenziaalbani.com,1
bkit.it,1
bellodis.it,1
tiscai.it,1
capitalsport.it,1
progest.org,1
email.com,1
confestetica.it,1
alice.ittti,1
bphome.org,1
prevostosas.it,1
baldoni.pg.it,1
studiobettaccini.it,1
calabresefotottica.it,1
bertuzzisrl.it,1
yor.it,1
valentetour.it,1
gabel.it,1
tsz.it,1
virgilio.com,1
neico.it,1
ipratico.it,1
test.com,1
studenti.unisalento.it,1
kilicaffe.it,1
