Dominio,Cantidad
alice.it,4202
gmail.com,3135
libero.it,430
tiscali.it,258
aliceposta.it,105
virgilio.it,94
tin.it,55
icloud.com,46
tim.it,26
email.it,14
yahoo.it,13
inwind.it,9
fastwebnet.it,7
hotmail.it,6
gmail.it,6
yopmail.com,5
yahoo.com,5
me.com,5
outlook.it,5
hotmail.com,3
interfree.it,3
tiscalinet.it,3
gmail.con,3
ymail.com,2
lagodellesettefontane.it,2
outlook.com,2
staprebiancabruni.com,1
gmai.com,1
sfr.fr,1
virgilio.com,1
topmediaitalia.it,1
neomedia.it,1
capitalsport.it,1
test.com,1
neico.it,1
radiocomct.it,1
protonmail.copm,1
yes-engineering.it,1
progest.org,1
aarontech.it,1
studiobettaccini.it,1
tsz.it,1
icousd.com,1
mail.gte.it,1
infinito.it,1
sabatosaviello.com,1
giovannisato.it,1
mek.dtu.dk,1
mizartrade.com,1
bkit.it,1
calabresefotottica.it,1
confestetica.it,1
prevostosas.it,1
exespay.com,1
nespf.com,1
gallo-partners.it,1
studiofmarini.com,1
vigilfuoco.it,1
gcom.it,1
eurojust.it,1
m.spheremail,1
bphome.org,1
netbas.it,1
agenziaalbani.com,1
pusc.it,1
konmail.net,1
luigivassallo.it,1
asl.pe.it,1
liberp.it,1
live.com,1
otticasalvatore.it,1
baldoni.pg.it,1
vitgilio.it,1
luis.com,1
contattosas.it,1
mimogenius.com,1
meccanica-precisione.com,1
siamquality.it,1
tiscsli.it,1
viagginuovaera.it,1
google.com,1
labgrafmonticelli.it,1
96.com,1
materassi-dagabriel.com,1
pec.it,1
studiopreda.net,1
studiocandelli.com,1
lice.it,1
wanadoo.fr,1
liuteriatonella.it,1
blu.it,1
studenti.unisalento.it,1
shinycoat.it,1
grupporapullino.it,1
brandsolversricami.com,1
birgilio.it,1
email.com,1
linea3.com,1
allice.it,1
kilicaffe.it,1
valentetour.it,1
cheapnet.it,1
gmail.comcom,1
gamil.com,1
live.it,1
hairagione.it,1
fibercop.com,1
aa.it,1
accademiadelbar.it,1
bellodis.it,1
ipratico.it,1
meltemiadv.it,1
studioavantario.it,1
immobildream.it,1
vetras.it,1
cibunigas.it,1
essepiutre.it,1
126.com,1
casaobert.it,1
bobgru.it,1
virgilio.iy,1
pentriatur.com,1
iol.it,1
gabel.it,1
alice.ittti,1
tinn.it,1
emailax.pro,1
gmal.com,1
moscasilvia.it,1
emas1991.it,1
lafrasera.it,1
ireneo.it,1
giuliati.it,1
moscot.com,1
ingegnericamuni.it,1
arche-edizioni.com,1
pellegrinieditore.it,1
yor.it,1
tiscali.ir,1
pratoinerbasintetica.it,1
tiscai.it,1
a.com,1
bertuzzisrl.it,1
